query_name,mesh_id,mesh_name,description,tree_numbers
acne,68054506.0,Chloracne,"ACNE-like skin eruptions caused by exposure to CHLORINE-containing compounds. Exposure can be by inhalation, ingestion, or through the skin. Chloracne is often seen in people who have occupational contact with chlorinated pesticides, wood preservatives, and sealants.",['C17.800.030.575']
acquired immunodeficiency syndrome,68020943.0,"AIDS Arteritis, Central Nervous System",Inflammation of ARTERIES in the CENTRAL NERVOUS SYSTEM that occurs in patients with ACQUIRED IMMUNODEFICIENCY SYNDROME or AIDS-RELATED OPPORTUNISTIC INFECTIONS.,"['C01.221.250.875.048', 'C01.221.812.640.400.048', 'C01.778.640.400.048', 'C01.925.782.815.616.400.048', 'C01.925.813.400.048', 'C10.114.875.175', 'C10.228.140.300.850.125', 'C12.100.937.640.400.048', 'C14.907.253.946.175', 'C14.907.940.090.170', 'C14.907.940.907.175', 'C20.673.480.048']"
acute skin abscess,,Acute skin abscess,Medical condition: Acute skin abscess,[]
aggressive periodontitis,68010520.0,Aggressive Periodontitis,"Inflammation and loss of PERIODONTIUM that is characterized by rapid attachment loss and bone destruction in the presence of little local factors such as DENTAL PLAQUE and DENTAL CALCULUS. This highly destructive form of periodontitis often occurs in young people and was called early-onset periodontitis, but this disease also appears in old people.",['C07.465.714.533.161']
alcoholic hepatitis,68008108.0,"Liver Diseases, Alcoholic","Liver diseases associated with ALCOHOLISM. It usually refers to the coexistence of two or more subentities, i.e., ALCOHOLIC FATTY LIVER; ALCOHOLIC HEPATITIS; and ALCOHOLIC CIRRHOSIS.","['C06.552.645', 'C25.775.100.087.645']"
alcoholism,68063647.0,Fetal Alcohol Spectrum Disorders,"An umbrella term used to describe a pattern of disabilities and abnormalities that result from fetal exposure to ETHANOL during pregnancy. It encompasses a phenotypic range that can vary greatly between individuals, but reliably includes one or more of the following: characteristic facial dysmorphism, FETAL GROWTH RETARDATION, central nervous system abnormalities, cognitive and/or behavioral dysfunction, BIRTH DEFECTS. The level of maternal alcohol consumption does not necessarily correlate directly with disease severity.","['C12.050.703.277.220', 'C16.300.070', 'C25.775.100.087.323']"
allergic asthma,67564133.0,"Ige Responsiveness, Atopic [Supplementary Concept]","Heading Mapped to: Respiratory Hypersensitivity Entry Terms: Immunoglobulin E, Basic Level of, in Serum Ige Response Underlying Allergic Asthma and Rhinitis",[]
allergy,68063729.0,Sublingual Immunotherapy,"A method of treating an ALLERGY by administering ALLERGENS, in liquid formulation or tablets, to the ORAL MUCOSA under the tongue.","['E02.095.465.425.450.310.500', 'E05.478.610.310.500']"
alzheimer's disease,68016900.0,Neurofilament Proteins,"Type III intermediate filament proteins that assemble into neurofilaments, the major cytoskeletal element in nerve axons and dendrites. They consist of three distinct polypeptides, the neurofilament triplet. Types I, II, and IV intermediate filament proteins form other cytoskeletal elements such as keratins and lamins. It appears that the metabolism of neurofilaments is disturbed in Alzheimer's disease, as indicated by the presence of neurofilament epitopes in the neurofibrillary tangles, as well as by the severe reduction of the expression of the gene for the light neurofilament subunit of the neurofilament triplet in brains of Alzheimer's patients. (Can J Neurol Sci 1990 Aug;17(3):302)","['D05.750.078.593.630', 'D12.776.220.475.630', 'D12.776.631.630']"
amyotrophic lateral sclerosis,68057177.0,TDP-43 Proteinopathies,"Diseases characterized by the presence of abnormally phosphorylated, ubiquitinated, and cleaved DNA-binding protein TDP-43 in affected brain and spinal cord. Inclusions of the pathologic protein in neurons and glia, without the presence of AMYLOID, is the major feature of these conditions, thus making these proteinopathies distinct from most other neurogenerative disorders in which protein misfolding leads to brain amyloidosis. Both frontotemporal lobar degeneration and AMYOTROPHIC LATERAL SCLEROSIS exhibit this common method of pathogenesis and thus they may represent two extremes of a continuous clinicopathological spectrum of one disease.","['C10.574.950', 'C18.452.845.800']"
ankylosing spondylitis,68025242.0,Spondylarthropathies,"Heterogeneous group of arthritic diseases sharing clinical and radiologic features. They are associated with the HLA-B27 ANTIGEN and some with a triggering infection. Most involve the axial joints in the SPINE, particularly the SACROILIAC JOINT, but can also involve asymmetric peripheral joints. Subsets include ANKYLOSING SPONDYLITIS; REACTIVE ARTHRITIS; PSORIATIC ARTHRITIS; and others.","['C05.116.900.853.625.800', 'C05.550.114.865.800']"
anorexia nervosa,68057215.0,Body Dysmorphic Disorders,Preoccupations with appearance or self-image causing significant distress or impairment in important areas of functioning.,['F03.875.149']
aphthous stomatitis,68019226.0,Oral Ulcer,"A loss of mucous substance of the mouth showing local excavation of the surface, resulting from the sloughing of inflammatory necrotic tissue. It is the result of a variety of causes, e.g., denture irritation, aphthous stomatitis (STOMATITIS, APHTHOUS); NOMA; necrotizing gingivitis (GINGIVITIS, NECROTIZING ULCERATIVE); TOOTHBRUSHING; and various irritants. (From Jablonski, Dictionary of Dentistry, 1992, p842)",['C07.465.672']
aphthous ulcer,68013281.0,"Stomatitis, Aphthous","A recurrent disease of the oral mucosa of unknown etiology. It is characterized by small white ulcerative lesions, single or multiple, round or oval. Two to eight crops of lesions occur per year, lasting for 7 to 14 days and then heal without scarring. (From Jablonski's Dictionary of Dentistry, 1992, p742)",['C07.465.864.750']
appendicitis,68046290.0,"Liver Abscess, Pyogenic","Single or multiple areas of PUS due to bacterial infection within the hepatic parenchyma. It can be caused by a variety of BACTERIA, local or disseminated from infections elsewhere such as in APPENDICITIS; CHOLECYSTITIS; PERITONITIS; and after LIVER TRANSPLANTATION.","['C01.830.025.020.455.730', 'C06.552.597.758']"
arsenic exposure,68020261.0,Arsenic Poisoning,"Disorders associated with acute or chronic exposure to compounds containing ARSENIC (ARSENICALS) which may be fatal. Acute oral ingestion is associated with gastrointestinal symptoms and an encephalopathy which may manifest as SEIZURES, mental status changes, and COMA. Chronic exposure is associated with mucosal irritation, desquamating rash, myalgias, peripheral neuropathy, and white transverse (Mees) lines in the fingernails. (Adams et al., Principles of Neurology, 6th ed, p1212)","['C10.720.475.150', 'C25.723.098']"
ascites,68055264.0,Mucin-4,A transmembrane mucin that is found in a broad variety of epithelial tissue. Mucin-4 may play a role in regulating cellular adhesion and in cell surface signaling from the ERBB-2 RECEPTOR PROTEIN-TYROSINE KINASE. Mucin-4 is a heterodimer of alpha and beta chains. The alpha and beta chains result from the proteolytic cleavage of a precursor protein.,"['D09.400.430.900.631.195', 'D12.644.360.534', 'D12.776.395.560.631.195', 'D12.776.476.534']"
asthma,68064706.0,Vocal Cord Dysfunction,A disorder characterized by an intermittent abnormal VOCAL CORDS movement toward the midline during inspiration or expiration resulting in upper AIRWAY OBSTRUCTION.,"['C08.360.895', 'C08.618.980', 'C09.400.895']"
atherosclerosis,68066253.0,Vascular Remodeling,"The active alterations of vascular wall structures, often leading to elevated VASCULAR RESISTANCE. It is associated with AGING; ATHEROSCLEROSIS; DIABETES MELLITUS; HYPERTENSION; PREGNANCY; PULMONARY HYPERTENSION; and STROKE, but is also a normal part of EMBRYOGENESIS.","['C23.300.977', 'C23.550.918', 'G09.330.020.875', 'G09.330.930']"
atopic dermatitis,68056770.0,Netherton Syndrome,"Rare autosomal recessive disease with variable expressions. Clinical features of the disease include variable ICHTHYOSIFORM ERYTHRODERMA, CONGENITAL; bamboo hair (trichorrhexis invaginata); and ATOPIC DERMATITIS. The disease is caused by mutations in the SPINK5 gene.","['C16.131.077.619', 'C16.131.831.512.400.705', 'C16.320.850.673', 'C16.614.492.400.705', 'C17.800.428.333.250.705', 'C17.800.804.512.400.705', 'C17.800.827.655']"
atopic eczema,68003876.0,"Dermatitis, Atopic","A chronic inflammatory genetically determined disease of the skin marked by increased ability to form reagin (IgE), with increased susceptibility to allergic rhinitis and asthma, and hereditary disposition to a lowered threshold for pruritus. It is manifested by lichenification, excoriation, and crusting, mainly on the flexural surfaces of the elbow and knee. In infants it is known as infantile eczema.","['C16.320.850.210', 'C17.800.174.193', 'C17.800.815.193', 'C17.800.827.210', 'C20.543.480.343']"
atopic wheeze,,Atopic wheeze,Medical condition: Atopic wheeze,[]
atopy,67116241.0,"MICU1 protein, human [Supplementary Concept]","RefSeq NM_006077 Heading Mapped to: Calcium-Binding Proteins Cation Transport Proteins Mitochondrial Membrane Transport Proteins Entry Terms: Hom s 1 allergen Hom s 4 protein, human allergen Hom s 1 calcium binding atopy-related autoantigen 1, human mitochondrial calcium uptake 1 protein, human CBARA1 protein, human Previous Indexing: ALLERGENS (2003-2010)",[]
atrophic gastritis,68005757.0,"Gastritis, Atrophic","GASTRITIS with atrophy of the GASTRIC MUCOSA, the GASTRIC PARIETAL CELLS, and the mucosal glands leading to ACHLORHYDRIA. Atrophic gastritis usually progresses from chronic gastritis.","['C06.405.205.697.394', 'C06.405.748.398.394']"
attention deficit hyperactivity disorder,68064699.0,Dexmethylphenidate Hydrochloride,"A methylphenidate derivative, DOPAMINE UPTAKE INHIBITOR and CENTRAL NERVOUS SYSTEM STIMULANT that is used in the treatment of ATTENTION DEFICIT HYPERACTIVITY DISORDER.","['D02.241.223.601.600.500', 'D03.383.621.460.500']"
autism,68015518.0,Rett Syndrome,"An inherited neurological developmental disorder that is associated with X-LINKED INHERITANCE and may be lethal in utero to hemizygous males. The affected female is normal until the age of 6-25 months when progressive loss of voluntary control of hand movements and communication skills; ATAXIA; SEIZURES; autistic behavior; intermittent HYPERVENTILATION; and HYPERAMMONEMIA appear. (From Menkes, Textbook of Child Neurology, 5th ed, p199)","['C10.597.606.360.455.937', 'C16.320.322.500.937', 'C16.320.400.525.937']"
autism spectrum disorders,67535317.0,"47, XYY syndrome [Supplementary Concept]","An extra copy of the Y chromosome in each of a male's cells that arises through GENETIC NON-DISJUNCTION in the embryo. Affected males may be taller than average, but have no other unique physical features; SEXUAL DEVELOPMENT and FERTILITY are unaffected in most cases. 47,XYY syndrome is associated with an increased risk for LEARNING DISORDERS; DEVELOPMENTAL DISABILITIES; HYPOTONIA, and TICS; these characteristics vary widely among affected boys and men. AUTISM SPECTRUM DISORDERS are diagnosed in a minority of cases. Heading Mapped to: XYY Karyotype Sex Chromosome Disorders Entry Terms: 47 XYY syndrome YY syndrome XYY syndrome Jacob's syndrome",[]
autoimmune hepatitis,68019693.0,"Hepatitis, Autoimmune","A chronic self-perpetuating hepatocellular INFLAMMATION of unknown cause, usually with HYPERGAMMAGLOBULINEMIA and serum AUTOANTIBODIES.","['C06.552.380.350.300', 'C20.111.567']"
autoimmune polyendocrine syndrome type 1,68016884.0,"Polyendocrinopathies, Autoimmune","Autoimmune diseases affecting multiple endocrine organs. Type I is characterized by childhood onset and chronic mucocutaneous candidiasis (CANDIDIASIS, CHRONIC MUCOCUTANEOUS), while type II exhibits any combination of adrenal insufficiency (ADDISON'S DISEASE), lymphocytic thyroiditis (THYROIDITIS, AUTOIMMUNE;), HYPOPARATHYROIDISM; and gonadal failure. In both types organ-specific ANTIBODIES against a variety of ENDOCRINE GLANDS have been detected. The type II syndrome differs from type I in that it is associated with HLA-A1 and B8 haplotypes, onset is usually in adulthood, and candidiasis is not present.","['C19.787', 'C20.111.750']"
azoospermia,68054331.0,Sertoli Cell-Only Syndrome,"A type of male infertility in which no germ cells are visible in any of the biopsied SEMINIFEROUS TUBULES (type I) or in which germ cells are present in a minority of tubules (type II). Clinical features include AZOOSPERMIA, normal VIRILIZATION, and normal chromosomal complement.","['C12.100.500.430.754', 'C12.100.750.700.754', 'C12.200.294.430.754']"
bacterial vaginosis,68017904.0,Mobiluncus,"A genus of gram-negative, anaerobic, rod-shaped bacteria. Its organisms are found in the human vagina, particularly in association with Gardnerella vaginalis in cases of bacterial vaginosis.","['B03.510.024.049.050.525', 'B03.510.460.400.400.049.049.589']"
barrett's oesophagus,68001471.0,Barrett Esophagus,"A condition with damage to the lining of the lower ESOPHAGUS resulting from chronic acid reflux (ESOPHAGITIS, REFLUX). Through the process of metaplasia, the squamous cells are replaced by a columnar epithelium with cells resembling those of the INTESTINE or the salmon-pink mucosa of the STOMACH. Barrett's columnar epithelium is a marker for severe reflux and precursor to ADENOCARCINOMA of the esophagus.","['C04.834.154', 'C06.405.117.102']"
behcet's disease,68001528.0,Behcet Syndrome,Rare chronic inflammatory disease involving the small blood vessels. It is of unknown etiology and characterized by mucocutaneous ulceration in the mouth and genital region and uveitis with hypopyon. The neuro-ocular form may cause blindness and death. SYNOVITIS; THROMBOPHLEBITIS; gastrointestinal ulcerations; RETINAL VASCULITIS; and OPTIC ATROPHY may occur as well.,"['C07.465.075', 'C11.941.879.780.880.200', 'C14.907.940.100', 'C16.320.382.250', 'C17.800.827.368.250', 'C17.800.862.150']"
bipolar disorder,68014635.0,Valproic Acid,A fatty acid with anticonvulsant and anti-manic properties that is used in the treatment of EPILEPSY and BIPOLAR DISORDER. The mechanisms of its therapeutic actions are not well understood. It may act by increasing GAMMA-AMINOBUTYRIC ACID levels in the brain or by altering the properties of VOLTAGE-GATED SODIUM CHANNELS.,"['D02.241.081.944.509.900', 'D10.251.400.895.593.900']"
blepharitis,68008924.0,Mite Infestations,"Infestations with arthropods of the subclass ACARI, superorder Acariformes.",['C01.610.858.211.480']
botulism,68003014.0,Clostridium botulinum,"A species of anaerobic, gram-positive, rod-shaped bacteria in the family Clostridiaceae that produces proteins with characteristic neurotoxicity. It is the etiologic agent of BOTULISM in humans, wild fowl, HORSES; and CATTLE. Seven subtypes (sometimes called antigenic types, or strains) exist, each producing a different botulinum toxin (BOTULINUM TOXINS). The organism and its spores are widely distributed in nature.","['B03.300.390.400.200.160', 'B03.353.625.375.500.160', 'B03.510.415.400.200.160', 'B03.510.460.410.249.160']"
breast cancer,68064726.0,Triple Negative Breast Neoplasms,Breast neoplasms that do not express ESTROGEN RECEPTORS; PROGESTERONE RECEPTORS; and do not overexpress the NEU RECEPTOR/HER-2 PROTO-ONCOGENE PROTEIN.,"['C04.588.180.788', 'C17.800.090.500.788']"
bronchiectasis,68015916.0,"Drainage, Postural",A rehabilitation therapy for removal of copious mucus secretion from the lung of patients with diseases such as CHRONIC BRONCHITIS; BRONCHIECTASIS; PULMONARY ABSCESS; or CYSTIC FIBROSIS. The patient's head is placed in a downward incline (so the TRACHEA is inferior to the affected area) for 15- to 20-minute sessions.,"['E02.309.221', 'E02.779.358', 'E02.831.535.358', 'E02.880.150']"
bronchiolitis,68018549.0,Cryptogenic Organizing Pneumonia,"An interstitial lung disease of unknown etiology, occurring between 21-80 years of age. It is characterized by a dramatic onset of a pneumonia-like illness with cough, fever, malaise, fatigue, and weight loss. Pathological features include prominent interstitial inflammation without collagen fibrosis, diffuse fibroblastic foci, and no microscopic honeycomb change. There is excessive proliferation of granulation tissue within small airways and alveolar ducts.","['C08.127.446.135.140.600.750', 'C08.381.483.652.500.750.249', 'C08.381.495.146.135.140.600.750']"
budd-chiari syndrome,68006504.0,Hepatic Veno-Occlusive Disease,"Liver disease that is caused by injuries to the ENDOTHELIAL CELLS of the vessels and subendothelial EDEMA, but not by THROMBOSIS. Extracellular matrix, rich in FIBRONECTINS, is usually deposited around the HEPATIC VEINS leading to venous outflow occlusion and sinusoidal obstruction.","['C06.552.360', 'C14.907.460']"
bullous pemphigoid,68010391.0,"Pemphigoid, Bullous",A chronic and relatively benign subepidermal blistering disease usually of the elderly and without histopathologic acantholysis.,"['C17.800.865.690', 'C20.111.730']"
copd exacerbation,,COPD Exacerbation,Medical condition: COPD Exacerbation,[]
cardiovascular disease,68064415.0,Type D Personality,"Behavior pattern characterized by negative emotionality, an inability to express emotions, and social isolation, which has been linked to greater cardiovascular disease and increased mortality. (from International Encyclopedia of the Social Sciences, 2008, p. 217)",['F01.752.747.917']
caries,68057087.0,Dental Atraumatic Restorative Treatment,Treatment modality for DENTAL CARIES that uses manual excavation method and GLASS IONOMER CEMENTS. Because of its noninvasiveness and no need for expensive equipment and anesthesia it is promoted as an approach in places where dental care is not readily available.,['E06.070']
"celiac disease, coaliac disease",68002446.0,Celiac Disease,"A malabsorption syndrome that is precipitated by the ingestion of foods containing GLUTEN, such as wheat, rye, and barley. It is characterized by INFLAMMATION of the SMALL INTESTINE, loss of MICROVILLI structure, failed INTESTINAL ABSORPTION, and MALNUTRITION.","['C06.405.469.637.250', 'C18.452.603.250']"
cervical cancer,68002583.0,Uterine Cervical Neoplasms,Tumors or cancer of the UTERINE CERVIX.,"['C04.588.945.418.948.850', 'C12.050.351.500.852.593.131', 'C12.050.351.500.852.762.850', 'C12.050.351.937.418.875.850', 'C12.100.250.852.593.131', 'C12.100.250.852.762.850', 'C12.900.418.875.850']"
cervicitis,68002575.0,Uterine Cervicitis,Inflammation of the UTERINE CERVIX.,"['C12.050.351.500.852.593.150', 'C12.100.250.852.593.150']"
chagas' disease,68014355.0,Chagas Disease,"Infection with the protozoan parasite TRYPANOSOMA CRUZI, a form of TRYPANOSOMIASIS endemic in Central and South America. It is named after the Brazilian physician Carlos Chagas, who discovered the parasite. Infection by the parasite (positive serologic result only) is distinguished from the clinical manifestations that develop years later, such as destruction of PARASYMPATHETIC GANGLIA; CHAGAS CARDIOMYOPATHY; and dysfunction of the ESOPHAGUS or COLON.","['C01.610.752.300.900.200', 'C01.920.625']"
chlamydia,68061387.0,Chlamydial Pneumonia,"Pneumonia caused by infections with the genus CHLAMYDIA; and CHLAMYDOPHILA, usually with CHLAMYDOPHILA PNEUMONIAE.","['C01.150.252.400.210.125.123', 'C01.150.252.400.210.250.299', 'C01.150.252.620.249', 'C01.748.610.540.249', 'C08.381.677.540.249', 'C08.730.610.540.249']"
chronic obstructive pulmonary disease,68029481.0,"Bronchitis, Chronic",A subcategory of CHRONIC OBSTRUCTIVE PULMONARY DISEASE. The disease is characterized by hypersecretion of mucus accompanied by a chronic (more than 3 months in 2 consecutive years) productive cough. Infectious agents are a major cause of chronic bronchitis.,"['C01.748.099.567', 'C08.127.446.567', 'C08.381.495.146.567', 'C08.381.495.389.500', 'C08.730.099.567', 'C23.550.291.500.875.750']"
chronic rhinosinusitis,,Chronic Rhinosinusitis,Medical condition: Chronic Rhinosinusitis,[]
chronic rhinosinusitis with asthma,,Chronic Rhinosinusitis with asthma,Medical condition: Chronic Rhinosinusitis with asthma,[]
chronic rhinosinusitis with cystic fibrosis,,Chronic Rhinosinusitis with cystic fibrosis,Medical condition: Chronic Rhinosinusitis with cystic fibrosis,[]
chronic alcoholic pancreatitis,68019512.0,"Pancreatitis, Alcoholic",Acute or chronic INFLAMMATION of the PANCREAS due to excessive ALCOHOL DRINKING. Alcoholic pancreatitis usually presents as an acute episode but it is a chronic progressive disease in alcoholics.,"['C06.689.750.660', 'C25.775.100.087.730']"
chronic fatigue syndrome,68015673.0,"Fatigue Syndrome, Chronic","A syndrome characterized by persistent or recurrent fatigue, diffuse musculoskeletal pain, sleep disturbances, and subjective cognitive impairment of 6 months duration or longer. Symptoms are not caused by ongoing exertion; are not relieved by rest; and result in a substantial reduction of previous levels of occupational, educational, social, or personal activities. Minor alterations of immune, neuroendocrine, and autonomic function may be associated with this syndrome. There is also considerable overlap between this condition and FIBROMYALGIA. (From Semin Neurol 1998;18(2):237-42; Ann Intern Med 1994 Dec 15;121(12): 953-9)","['C05.651.310', 'C10.586.500.600', 'C10.668.364', 'C23.550.291.500.392']"
chronic kidney disease,68051436.0,"Renal Insufficiency, Chronic","Conditions in which the KIDNEYS perform below the normal level for more than three months. Chronic kidney insufficiency is classified by five stages according to the decline in GLOMERULAR FILTRATION RATE and the degree of kidney damage (as measured by the level of PROTEINURIA). The most severe form is the end-stage renal disease (CHRONIC KIDNEY FAILURE). (Kidney Foundation: Kidney Disease Outcome Quality Initiative, 2002)","['C12.050.351.968.419.780.750', 'C12.200.777.419.780.750', 'C12.950.419.780.750', 'C23.550.291.500.906']"
chronic lung disease,68001997.0,Bronchopulmonary Dysplasia,"A chronic lung disease developed after OXYGEN INHALATION THERAPY or mechanical ventilation (VENTILATION, MECHANICAL) usually occurring in certain premature infants (INFANT, PREMATURE) or newborn infants with respiratory distress syndrome (RESPIRATORY DISTRESS SYNDROME, NEWBORN). Histologically, it is characterized by the unusual abnormalities of the bronchioles, such as METAPLASIA, decrease in alveolar number, and formation of CYSTS.","['C08.381.520.750.500', 'C16.614.521.125']"
chronic prostatitis \/ chronic pelvic pain syndrome,,Chronic prostatitis \/ Chronic pelvic pain syndrome,Medical condition: Chronic prostatitis \/ Chronic pelvic pain syndrome,[]
cirrhosis,68065290.0,Acute-On-Chronic Liver Failure,"Sudden liver failure in the presence of underlying compensated chronic LIVER DISEASE (e.g., LIVER CIRRHOSIS; HEPATITIS; and liver injury and failure) due to a precipitating acute hepatic insult.",['C06.552.308.500.750.249']
cirrhosis with pneumonia,,Cirrhosis with pneumonia,Medical condition: Cirrhosis with pneumonia,[]
clonorchis sinensis infection,68003003.0,Clonorchiasis,"Infection of the biliary passages with CLONORCHIS SINENSIS, also called Opisthorchis sinensis. It may lead to inflammation of the biliary tract, proliferation of biliary epithelium, progressive portal fibrosis, and sometimes bile duct carcinoma. Extension to the liver may lead to fatty changes and cirrhosis. (From Dorland, 27th ed)",['C01.610.335.865.148']
clostridium difficile associated disease,,Clostridium difficile associated disease,Medical condition: Clostridium difficile associated disease,[]
colon adenomas,67489861.0,"Slc26a3 protein, rat [Supplementary Concept]","expressed exclusively in normal colon tissue; MW 84.5 kDa; down-regulated in colon adenomas & adenocarcinomas; contains charged clusters of amino acids, primarily at the NH2 & COOH termini; RefSeq NM_053755 Heading Mapped to: Antiporters Sulfate Transporters Entry Terms: down-regulated in adenoma protein, rat Dra protein, rat solute carrier family 26, member 3 protein, rat",[]
colorectal cancer,68055847.0,Lynch Syndrome II,"Hereditary nonpolyposis colorectal neoplasms associated with other malignancies, more commonly of ovarian or uterine origin. When also associated with SEBACEOUS GLAND NEOPLASMS, it is called MUIR-TORRE SYNDROME.","['C04.700.250.500', 'C16.320.700.250.500']"
conjunctival scarring,,Conjunctival scarring,Medical condition: Conjunctival scarring,[]
constipation,68059269.0,Chilaiditi Syndrome,"Interposition of a portion of the colon (e.g., SIGMOID COLON) between the liver and the diaphragm. It is associated with abdominal pain, vomiting, constipation, anorexia and volvulus. Chilaiditi anomaly refers to asymptomatic interposition.",['C06.405.469.158.093']
coronary heart disease,68003327.0,Coronary Disease,An imbalance between myocardial functional requirements and the capacity of the CORONARY VESSELS to supply sufficient blood flow. It is a form of MYOCARDIAL ISCHEMIA (insufficient blood supply to the heart muscle) caused by a decreased capacity of the coronary vessels.,"['C14.280.647.250', 'C14.907.585.250']"
coronary artery disease,68058226.0,"Plaque, Atherosclerotic",Lesions formed within the walls of ARTERIES associated with deposits of fat and other substances that accumulate in the lining of the artery wall.,['C23.300.823']
crohn's disease,68003424.0,Crohn Disease,"A chronic transmural inflammation that may involve any part of the DIGESTIVE TRACT from MOUTH to ANUS, mostly found in the ILEUM, the CECUM, and the COLON. In Crohn disease, the inflammation, extending through the intestinal wall from the MUCOSA to the serosa, is characteristically asymmetric and segmental. Epithelioid GRANULOMAS may be seen in some patients.","['C06.405.205.731.500', 'C06.405.469.432.500']"
cutaneous burn,,Cutaneous burn,Medical condition: Cutaneous burn,[]
cystic fibrosis,68040502.0,Calgranulin B,"A 13.2-kDa member of the S-100 family of calcium-binding proteins that can form homo- or heterocomplexes with CALGRANULIN A and a variety of other proteins. The calgranulin A/B heterodimer is known as LEUKOCYTE L1 ANTIGEN COMPLEX. Calgranulin B is expressed at high concentrations in GRANULOCYTES during early monocyte differentiation, and serum calgranulin B levels are elevated in many inflammatory disorders such as CYSTIC FIBROSIS.","['D12.776.157.125.750.500.200', 'D12.776.631.658.750.750', 'D23.050.301.562.200']"
cytolytic vaginosis,,Cytolytic vaginosis,Medical condition: Cytolytic vaginosis,[]
dandruff,68063807.0,Dandruff,Excessive shedding of dry scaly material from the scalp in humans.,"['C17.800.174.146', 'C17.800.738.353']"
denture stomatitis,68013282.0,"Stomatitis, Denture",Inflammation of the mouth due to denture irritation.,['C07.465.864.875']
disease-free,68018572.0,Disease-Free Survival,Period after successful treatment in which there is no appearance of the symptoms or effects of the disease.,"['E01.789.800.190', 'E05.318.740.998.300', 'N04.761.559.590.800.190', 'N05.715.360.575.575.800.190', 'N05.715.360.750.795.300', 'N06.850.520.830.998.300']"
diverticular disease,2023547.0,Diverticular Diseases,Diseases of the DIVERTICULUM often due to infection and/or inflammation (DIVERTICULITIS).,['C06.405.205.282']
endometrial cancer,68016889.0,Endometrial Neoplasms,"Tumors or cancer of ENDOMETRIUM, the mucous lining of the UTERUS. These neoplasms can be benign or malignant. Their classification and grading are based on the various cell types and the percent of undifferentiated cells.","['C04.588.945.418.948.585', 'C12.050.351.500.852.762.200', 'C12.050.351.937.418.875.200', 'C12.100.250.852.762.200', 'C12.900.418.875.200']"
enthesitis-related arthritis,68001171.0,"Arthritis, Juvenile","Arthritis in children, with onset before 16 years of age. The terms juvenile rheumatoid arthritis (JRA) and juvenile idiopathic arthritis (JIA) refer to classification systems for chronic arthritis in children. Only one subtype of juvenile arthritis (polyarticular-onset, rheumatoid factor-positive) clinically resembles adult rheumatoid arthritis and is considered its childhood equivalent.","['C05.550.114.122', 'C05.799.056', 'C17.300.775.049', 'C20.111.198']"
eosinophilic esophagitis,68057765.0,Eosinophilic Esophagitis,"Chronic ESOPHAGITIS characterized by esophageal mucosal EOSINOPHILIA. It is diagnosed when an increase in EOSINOPHILS are present over the entire esophagus. The reflux symptoms fail to respond to PROTON PUMP INHIBITORS treatment, unlike in GASTROESOPHAGEAL REFLUX DISEASE. The symptoms are associated with IgE-mediated hypersensitivity to food or inhalant allergens.","['C06.405.117.620.209', 'C06.405.205.663.209', 'C15.378.553.231.341', 'C20.543.480.356']"
esophageal cancer,68004938.0,Esophageal Neoplasms,Tumors or cancer of the ESOPHAGUS.,"['C04.588.274.476.205', 'C04.588.443.353', 'C06.301.371.205', 'C06.405.117.430', 'C06.405.249.205']"
exacerbations of idiopathic pulmonary fibrosis,,Exacerbations of idiopathic pulmonary fibrosis,Medical condition: Exacerbations of idiopathic pulmonary fibrosis,[]
familial adenomatous polyposis,68018222.0,Desmoid Tumors,"Locally aggressive tumors that form in the connective tissues of body with no known potential for metastasis. However, they are characterized by an infiltrative growth pattern, allowing invasion into nearby tissues and organs, particularly evident in patients with FAMILIAL ADENOMATOUS POLYPOSIS.",['C04.557.450.565.590.340.410']
functional dyspepsia,68020117.0,Cisapride,"A substituted benzamide used for its prokinetic properties. It is used in the management of gastroesophageal reflux disease, functional dyspepsia, and other disorders associated with impaired gastrointestinal motility. (Martindale The Extra Pharmacopoeia, 31st ed)","['D02.065.277.135', 'D02.241.223.100.050.500.644', 'D02.241.223.100.100.135', 'D02.241.223.100.200.374', 'D02.455.426.559.389.127.020.937.700', 'D02.455.426.559.389.127.085.135', 'D02.455.426.559.389.127.250.374', 'D03.383.621.135']"
gastric carcinoma,67587667.0,"GHET1 transcript, human [Supplementary Concept]","promotes gastric carcinoma cell proliferation by increasing c-Myc mRNA stability Heading Mapped to: RNA, Long Noncoding Entry Terms: gastric carcinoma proliferation enhancing transcript 1, human gastric carcinoma high expressed transcript 1, human lncRNA-GHET1, human",[]
gastro-oesophageal reflux disease,67527576.0,DDP733 [Supplementary Concept],a thienopyridine derivative and selective 5-HT3 partial agonist for the treatment of Gastro-oesophageal reflux disease Heading Mapped to: Pyridines,[]
gastroenteritis,68057585.0,Aeromonas caviae,"A species of gram-negative, facultatively anaerobic bacteria that is found in domestic and wild animals including birds, and fish. In humans it causes GASTROENTERITIS in young children and some adults.",['B03.440.450.019.025.150']
gestational diabetes,68016640.0,"Diabetes, Gestational",Diabetes mellitus induced by PREGNANCY but resolved at the end of pregnancy. It does not include previously diagnosed diabetics who become pregnant (PREGNANCY IN DIABETICS). Gestational diabetes usually develops in late pregnancy when insulin antagonistic hormones peaks leading to INSULIN RESISTANCE; GLUCOSE INTOLERANCE; and HYPERGLYCEMIA.,"['C12.050.703.170', 'C18.452.394.750.448', 'C19.246.200']"
gingivitis,68019226.0,Oral Ulcer,"A loss of mucous substance of the mouth showing local excavation of the surface, resulting from the sloughing of inflammatory necrotic tissue. It is the result of a variety of causes, e.g., denture irritation, aphthous stomatitis (STOMATITIS, APHTHOUS); NOMA; necrotizing gingivitis (GINGIVITIS, NECROTIZING ULCERATIVE); TOOTHBRUSHING; and various irritants. (From Jablonski, Dictionary of Dentistry, 1992, p842)",['C07.465.672']
granulomatosis with polyangiitis,68053146.0,Myeloblastin,A polymorphonuclear leukocyte-derived serine protease that degrades proteins such as ELASTIN; FIBRONECTIN; LAMININ; VITRONECTIN; and COLLAGEN. It is named for its ability to control myeloid cell growth and differentiation.,"['D08.811.277.656.300.760.530', 'D08.811.277.656.959.350.530']"
granulomatous mastitis,68058890.0,Granulomatous Mastitis,"A rare, benign, inflammatory breast disease occurring in premenopausal women shortly after a recent pregnancy. The origin is unknown but it is commonly mistaken for malignancy and sometimes associated with BREAST FEEDING and the use of ORAL CONTRACEPTIVES.","['C12.050.703.844.603.400', 'C17.800.090.968.400']"
graves' disease,68006111.0,Graves Disease,"A common form of hyperthyroidism with a diffuse hyperplastic GOITER. It is an autoimmune disorder that produces antibodies against the THYROID STIMULATING HORMONE RECEPTOR. These autoantibodies activate the TSH receptor, thereby stimulating the THYROID GLAND and hypersecretion of THYROID HORMONES. These autoantibodies can also affect the eyes (GRAVES OPHTHALMOPATHY) and the skin (Graves dermopathy).","['C11.675.349.500', 'C19.874.283.605', 'C19.874.397.370', 'C20.111.555']"
hiv infection,68020276.0,HIV Long-Term Survivors,"Persons who have experienced prolonged survival of HIV infection. This includes the full spectrum of untreated, HIV-infected long-term asymptomatics to those with AIDS who have survived due to successful treatment.",['M01.860.400']
hiv-infected pneumonia,,HIV-infected pneumonia,Medical condition: HIV-infected pneumonia,[]
halitosis,68009059.0,Mouth Diseases,Diseases involving the MOUTH.,['C07.465']
hashimoto's thyroiditis,68050031.0,Hashimoto Disease,"Chronic autoimmune thyroiditis, characterized by the presence of high serum thyroid AUTOANTIBODIES; GOITER; and HYPOTHYROIDISM.","['C19.874.871.102.500', 'C20.111.809.500']"
head\/neck cancer,68006258.0,Head and Neck Neoplasms,"Soft tissue tumors or cancer arising from the mucosal surfaces of the LIP; oral cavity; PHARYNX; LARYNX; and cervical esophagus. Other sites included are the NOSE and PARANASAL SINUSES; SALIVARY GLANDS; THYROID GLAND and PARATHYROID GLANDS; and MELANOMA and non-melanoma skin cancers of the head and neck. (from Holland et al., Cancer Medicine, 4th ed, p1651)",['C04.588.443']
heart failure,68063748.0,Bland White Garland Syndrome,A congenital coronary vessel anomaly in which the left main CORONARY ARTERY originates from the PULMONARY ARTERY instead of from AORTA. The congenital heart defect typically results in coronary artery FISTULA; LEFT-SIDED HEART FAILURE and MITRAL VALVE INSUFFICIENCY during the first months of life.,"['C14.240.400.210.249', 'C14.240.850.984.500.500', 'C14.280.400.210.249', 'C14.907.933.110.500', 'C16.131.240.400.210.249', 'C16.131.240.850.500.500', 'C23.300.575.950.150.500']"
helicobacter pylori infection,68013276.0,Stomach Ulcer,Ulceration of the GASTRIC MUCOSA due to contact with GASTRIC JUICE. It is often associated with HELICOBACTER PYLORI infection or consumption of nonsteroidal anti-inflammatory drugs (NSAIDS).,"['C06.405.469.275.800.849', 'C06.405.748.586.849']"
henoch-sch?nlein purpura,68011695.0,IgA Vasculitis,"A systemic non-thrombocytopenic purpura caused by HYPERSENSITIVITY VASCULITIS and deposition of IGA-containing IMMUNE COMPLEXES within the blood vessels throughout the body, including those in the kidney (KIDNEY GLOMERULUS). Clinical symptoms include URTICARIA; ERYTHEMA; ARTHRITIS; GASTROINTESTINAL HEMORRHAGE; and renal involvement. Most cases are seen in children after acute upper respiratory infections.","['C14.907.940.777', 'C15.378.100.802.375', 'C15.378.463.515.580', 'C17.800.862.329', 'C20.543.520.600', 'C23.550.414.950.375', 'C23.888.885.687.375']"
hepatic encephalopathy,68017114.0,"Liver Failure, Acute","A form of rapid-onset LIVER FAILURE, also known as fulminant hepatic failure, caused by severe liver injury or massive loss of HEPATOCYTES. It is characterized by sudden development of liver dysfunction and JAUNDICE. Acute liver failure may progress to exhibit cerebral dysfunction even HEPATIC COMA depending on the etiology that includes hepatic ISCHEMIA, drug toxicity, malignant infiltration, and viral hepatitis such as post-transfusion HEPATITIS B and HEPATITIS C.",['C06.552.308.500.750']
hepatitis b,68019701.0,"Hepatitis D, Chronic",INFLAMMATION of the LIVER in humans caused by HEPATITIS DELTA VIRUS in conjunction with HEPATITIS B VIRUS and lasting six months or more.,"['C01.925.440.450.100', 'C01.925.782.450.100', 'C06.552.380.350.220', 'C06.552.380.705.450.100', 'C23.550.291.500.477.875']"
hepatitis c,68019698.0,"Hepatitis C, Chronic",INFLAMMATION of the LIVER in humans that is caused by HEPATITIS C VIRUS lasting six months or more. Chronic hepatitis C can lead to LIVER CIRRHOSIS.,"['C01.221.250.750.120', 'C01.925.440.440.120', 'C01.925.782.350.350.120', 'C06.552.380.350.120', 'C06.552.380.705.440.120', 'C23.550.291.500.477.750']"
hepatocellular cancer,68008113.0,Liver Neoplasms,Tumors or cancer of the LIVER.,"['C04.588.274.623', 'C06.301.623', 'C06.552.697']"
hirschsprung's disease,68006627.0,Hirschsprung Disease,"Congenital MEGACOLON resulting from the absence of ganglion cells (aganglionosis) in a distal segment of the LARGE INTESTINE. The aganglionic segment is permanently contracted thus causing dilatation proximal to it. In most cases, the aganglionic segment is within the RECTUM and SIGMOID COLON.","['C06.198.439', 'C06.405.469.158.701.439', 'C16.131.314.439']"
hirschsprung-associated enterocolitis,,Hirschsprung-associated enterocolitis,Medical condition: Hirschsprung-associated enterocolitis,[]
human papilloma virus infection,68030361.0,Papillomavirus Infections,Neoplasms of the skin and mucous membranes caused by papillomaviruses. They are usually benign but some have a high risk for malignant progression.,"['C01.221.812.640.700', 'C01.778.640.700', 'C01.925.256.650', 'C01.925.813.700', 'C01.925.928.725', 'C12.100.937.640.700', 'C23.550.291.531.937.640.500']"
hutchinson-gilford progeria syndrome,68011371.0,Progeria,"An abnormal congenital condition, associated with defects in the LAMIN TYPE A gene, which is characterized by premature aging in children, where all the changes of cell senescence occur. It is manifested by premature graying; hair loss; hearing loss (DEAFNESS); cataracts (CATARACT); ARTHRITIS; OSTEOPOROSIS; DIABETES MELLITUS; atrophy of subcutaneous fat; skeletal hypoplasia; elevated urinary HYALURONIC ACID; and accelerated ATHEROSCLEROSIS. Many affected individuals develop malignant tumors, especially SARCOMA.","['C16.320.488.875', 'C16.320.565.753', 'C18.452.648.753']"
hyperlipidemia,68050171.0,Dyslipidemias,"Abnormalities in the serum levels of LIPIDS, including overproduction or deficiency. Abnormal serum lipid profiles may include high total CHOLESTEROL, high TRIGLYCERIDES, low HIGH DENSITY LIPOPROTEIN CHOLESTEROL, and elevated LOW DENSITY LIPOPROTEIN CHOLESTEROL.",['C18.452.584.500']
hypertension,68066253.0,Vascular Remodeling,"The active alterations of vascular wall structures, often leading to elevated VASCULAR RESISTANCE. It is associated with AGING; ATHEROSCLEROSIS; DIABETES MELLITUS; HYPERTENSION; PREGNANCY; PULMONARY HYPERTENSION; and STROKE, but is also a normal part of EMBRYOGENESIS.","['C23.300.977', 'C23.550.918', 'G09.330.020.875', 'G09.330.930']"
hyperthyroidism,68031333.0,Lycopus,A plant genus of the family LAMIACEAE that contains rosmarinic acid and isopimarane diterpenoids and has been used in folk medicine for HYPERTHYROIDISM.,['B01.875.800.575.912.250.583.520.455']
idiopathic pulmonary fibrosis,68054990.0,Idiopathic Pulmonary Fibrosis,"A common interstitial lung disease of unknown etiology, usually occurring between 50-70 years of age. Clinically, it is characterized by an insidious onset of breathlessness with exertion and a nonproductive cough, leading to progressive DYSPNEA. Pathological features show scant interstitial inflammation, patchy collagen fibrosis, prominent fibroblast proliferation foci, and microscopic honeycomb change.",['C08.381.483.652.500']
idiopathic rem sleep behavior disorder,,Idiopathic REM Sleep Behavior Disorder,Medical condition: Idiopathic REM Sleep Behavior Disorder,[]
idiopathic infertility,,Idiopathic infertility,Medical condition: Idiopathic infertility,[]
idiopathic nephrotic syndrome,68009404.0,Nephrotic Syndrome,"A condition characterized by severe PROTEINURIA, greater than 3.5 g/day in an average adult. The substantial loss of protein in the urine results in complications such as HYPOPROTEINEMIA; generalized EDEMA; HYPERTENSION; and HYPERLIPIDEMIAS. Diseases associated with nephrotic syndrome generally cause chronic kidney dysfunction.","['C12.050.351.968.419.630.643', 'C12.200.777.419.630.643', 'C12.950.419.630.643']"
inactive crohn's disease,,Inactive Crohn's Disease,Medical condition: Inactive Crohn's Disease,[]
infantile eczema,68003876.0,"Dermatitis, Atopic","A chronic inflammatory genetically determined disease of the skin marked by increased ability to form reagin (IgE), with increased susceptibility to allergic rhinitis and asthma, and hereditary disposition to a lowered threshold for pruritus. It is manifested by lichenification, excoriation, and crusting, mainly on the flexural surfaces of the elbow and knee. In infants it is known as infantile eczema.","['C16.320.850.210', 'C17.800.174.193', 'C17.800.815.193', 'C17.800.827.210', 'C20.543.480.343']"
infective colitis,,Infective colitis,Medical condition: Infective colitis,[]
inflammatory bowel disease,68039841.0,Leukocyte L1 Antigen Complex,"A member of the S-100 protein family that is present at high levels in the blood and interstitial fluid in several infectious, inflammatory, and malignant disorders, including rheumatoid arthritis, inflammatory bowel disease, and cystic fibrosis. It is a complex of a light chain (CALGRANULIN A) and a heavy chain (CALGRANULIN B). L1 binds calcium through an EF-hand motif, and has been shown to possess antimicrobial activity.","['D12.776.157.125.750.500', 'D12.776.631.658.750', 'D23.050.301.562']"
interstitial cystitis,68059411.0,Lower Urinary Tract Symptoms,"Symptoms of disorders of the lower urinary tract including frequency, NOCTURIA; urgency, incomplete voiding, and URINARY INCONTINENCE. They are often associated with OVERACTIVE BLADDER; URINARY INCOMPETENCE; and INTERSTITIAL CYSTITIS. Lower urinary tract symptoms in males were traditionally called PROSTATISM.",['C23.888.942.343']
irritable bowel syndrome,68043183.0,Irritable Bowel Syndrome,"A disorder with chronic or recurrent colonic symptoms without a clearcut etiology. This condition is characterized by chronic or recurrent ABDOMINAL PAIN, bloating, MUCUS in FECES, and an erratic disturbance of DEFECATION.",['C06.405.469.158.272.608']
juvenile idiopathic arthritis,68055501.0,Macrophage Activation Syndrome,A serious complication of childhood systemic inflammatory disorders that is thought to be caused by excessive activation and proliferation of T-LYMPHOCYTES and MACROPHAGES. It is seen predominantly in children with systemic onset JUVENILE IDIOPATHIC ARTHRITIS.,['C20.683.515.800']
kawasaki disease,68009080.0,Mucocutaneous Lymph Node Syndrome,"An acute, febrile, mucocutaneous condition accompanied by swelling of cervical lymph nodes in infants and young children. The principal symptoms are fever, congestion of the ocular conjunctivae, reddening of the lips and oral cavity, protuberance of tongue papillae, and edema or erythema of the extremities.","['C14.907.940.560', 'C15.604.560', 'C17.800.862.560']"
kidney stone,68056844.0,Renal Colic,"A severe intermittent and spasmodic pain in the lower back radiating to the groin, scrotum, and labia which is most commonly caused by a kidney stone (RENAL CALCULUS) passing through the URETER or by other urinary track blockage. It is often associated with nausea, vomiting, fever, restlessness, dull pain, frequent urination, and HEMATURIA.","['C23.888.592.612.972', 'C23.888.721', 'F02.830.816.444.850', 'G11.561.790.444.850']"
laryngeal carcinoma,67553644.0,batatoside L [Supplementary Concept],has cytotoxicity against laryngeal carcinoma cells; from the roots of sweet potato; structure in first source Heading Mapped to: Oligosaccharides,[]
liver fibrosis,68008103.0,Liver Cirrhosis,"Liver disease in which the normal microcirculation, the gross vascular anatomy, and the hepatic architecture have been variably destroyed and altered with fibrous septa surrounding regenerated or regenerating parenchymal nodules.","['C06.552.630', 'C23.550.355.412']"
liver transplant,68016031.0,Liver Transplantation,The transference of a part of or an entire liver from one human or animal to another.,"['E02.095.147.725.490', 'E04.210.650', 'E04.936.450.490', 'E04.936.580.490']"
lung cancer,68055752.0,Small Cell Lung Carcinoma,A form of highly malignant lung cancer that is composed of small ovoid cells (SMALL CELL CARCINOMA).,"['C04.588.894.797.520.109.220.624', 'C08.381.540.140.750', 'C08.785.520.100.220.750']"
macular degeneration,68057826.0,Vitelliform Macular Dystrophy,"Autosomal dominant hereditary maculopathy with childhood-onset accumulation of LIPOFUSION in RETINAL PIGMENT EPITHELIUM. Affected individuals develop progressive central acuity loss, and distorted vision (METAMORPHOPSIA). It is associated with mutations in bestrophin, a chloride channel.","['C11.768.585.439.433', 'C16.320.290.763']"
major depressive disorder,68003865.0,Major Depressive Disorder,"Disorder in which five (or more) of the following symptoms have been present during the same 2-week period and represent a change from previous functioning; at least one of the symptoms is either (1) depressed mood or (2) loss of interest or pleasure. Symptoms include: depressed mood most of the day, nearly every day; markedly diminished interest or pleasure in activities most of the day, nearly every day; significant weight loss when not dieting or weight gain; Insomnia or hypersomnia nearly every day; psychomotor agitation or retardation nearly every day; fatigue or loss of energy nearly every day; feelings of worthlessness or excessive or inappropriate guilt; diminished ability to think or concentrate, or indecisiveness, nearly every day; or recurrent thoughts of death, recurrent suicidal ideation without a specific plan, or a suicide attempt. (DSM-5)",['F03.600.300.375']
maturity-onset diabetes of the young 2,68003924.0,"Diabetes Mellitus, Type 2",A subclass of DIABETES MELLITUS that is not INSULIN-responsive or dependent (NIDDM). It is characterized initially by INSULIN RESISTANCE and HYPERINSULINEMIA; and eventually by GLUCOSE INTOLERANCE; HYPERGLYCEMIA; and overt diabetes. Type II diabetes mellitus is no longer considered a disease exclusively found in adults. Patients seldom develop KETOSIS but often exhibit OBESITY.,"['C18.452.394.750.149', 'C19.246.300']"
megaesophagus,68004931.0,Esophageal Achalasia,"A motility disorder of the ESOPHAGUS in which the LOWER ESOPHAGEAL SPHINCTER (near the CARDIA) fails to relax resulting in functional obstruction of the esophagus, and DYSPHAGIA. Achalasia is characterized by a grossly contorted and dilated esophagus (megaesophagus).",['C06.405.117.119.500.432']
microscopic colitis,68046730.0,"Colitis, Lymphocytic","A subtype of MICROSCOPIC COLITIS, characterized by chronic watery DIARRHEA of unknown origin, a normal COLONOSCOPY but abnormal histopathology on BIOPSY. Microscopic examination of biopsy samples taken from the COLON show infiltration of LYMPHOCYTES in the superficial EPITHELIUM and the underlying connective tissue (lamina propria).","['C06.405.205.265.173.750', 'C06.405.469.158.188.173.750']"
multiple sclerosis,68063308.0,Myelin-Oligodendrocyte Glycoprotein,A transmembrane protein present in the MYELIN SHEATH of the CENTRAL NERVOUS SYSTEM. It is one of the main autoantigens implicated in the pathogenesis of MULTIPLE SCLEROSIS.,"['D09.400.430.890.114.500', 'D12.776.395.550.114.500', 'D12.776.543.550.195.500', 'D12.776.543.620.550', 'D12.776.631.580.530', 'D23.050.422.625']"
multiple system atrophy,68020955.0,Striatonigral Degeneration,"A sporadic neurodegenerative disease with onset in middle-age characterized clinically by Parkinsonian features (e.g., MUSCLE RIGIDITY; HYPOKINESIA; stooped posture) and HYPOTENSION. This condition is considered a clinical variant of MULTIPLE SYSTEM ATROPHY. Pathologic features include a prominent loss of neurons in the zona compacta of the SUBSTANTIA NIGRA and PUTAMEN. (From Adams et al., Principles of Neurology, 6th ed, p1075-6)","['C10.177.575.550.875', 'C10.228.140.079.612.800', 'C10.228.662.550.800']"
myasthenia gravis,68020941.0,"Myasthenia Gravis, Neonatal","A disorder of neuromuscular transmission that occurs in a minority of newborns born to women with myasthenia gravis. Clinical features are usually present at birth or develop in the first 3 days of life and consist of hypotonia and impaired respiratory, suck, and swallowing abilities. This condition is associated with the passive transfer of acetylcholine receptor antibodies through the placenta. In the majority of infants the myasthenic weakness resolves (i.e., transient neonatal myasthenia gravis) although this disorder may rarely continue beyond the neonatal period (i.e., persistent neonatal myasthenia gravis). (From Menkes, Textbook of Child Neurology, 5th ed, p823; Neurology 1997 Jan;48(1):50-4)","['C10.114.656.650', 'C10.668.758.725.650', 'C20.111.258.500.650']"
necrotizing enterocolitis,68020345.0,"Enterocolitis, Necrotizing",ENTEROCOLITIS with extensive ulceration (ULCER) and NECROSIS. It is observed primarily in LOW BIRTH WEIGHT INFANT.,"['C06.405.205.596.700', 'C06.405.469.363.700']"
neuromyelitis optica,68051401.0,Aquaporin 4,Aquaporin 4 is the major water-selective channel in the CENTRAL NERVOUS SYSTEM of mammals.,"['D12.776.157.530.400.500.040.468', 'D12.776.543.550.450.730.040.468', 'D12.776.543.585.400.730.040.577']"
neuropathic bladder,68001750.0,"Urinary Bladder, Neurogenic","Dysfunction of the URINARY BLADDER due to disease of the central or peripheral nervous system pathways involved in the control of URINATION. This is often associated with SPINAL CORD DISEASES, but may also be caused by BRAIN DISEASES or PERIPHERAL NERVE DISEASES.","['C10.597.900', 'C12.050.351.968.829.760', 'C12.200.777.829.839', 'C12.950.829.760', 'C23.888.592.900']"
non alcoholic steatohepatitis,68059609.0,Mallory Bodies,"Cytoplasmic hyaline inclusions in HEPATOCYTES. They are associated with ALCOHOLIC STEATOHEPATITIS and non-alcoholic STEATOHEPATITIS, but are also present in benign and malignant hepatocellular neoplasms, and metabolic, toxic, and chronic cholestatic LIVER DISEASES.",['A11.284.420.500']
non-alcoholic fatty liver disease,68065626.0,Non-alcoholic Fatty Liver Disease,Fatty liver finding without excessive ALCOHOL CONSUMPTION.,['C06.552.241.519']
nongonococcal urethritis,68014526.0,Urethritis,"Inflammation involving the URETHRA. Similar to CYSTITIS, clinical symptoms range from vague discomfort to painful urination (DYSURIA), urethral discharge, or both.","['C12.050.351.968.767.851', 'C12.200.777.767.851', 'C12.950.767.851']"
obesity,82019440.0,Anti-Obesity Agents [Pharmacological Action],No description available.,['D019440']
oligoasthenoteratozoospermia,68009845.0,Oligospermia,"A condition of suboptimal concentration of SPERMATOZOA in the ejaculated SEMEN to ensure successful FERTILIZATION of an OVUM. In humans, oligospermia is defined as a sperm count below 20 million per milliliter semen.","['C12.100.500.430.508', 'C12.100.750.700.508', 'C12.200.294.430.508']"
opisthorchis felineus infection,68009889.0,Opisthorchiasis,Infection with flukes of the genus Opisthorchis.,['C01.610.335.865.685']
oral cancer,68009062.0,Mouth Neoplasms,Tumors or cancer of the MOUTH.,"['C04.588.443.591', 'C07.465.530']"
oral leukoplakia,68017733.0,"Leukoplakia, Hairy","Epithelial hyperplasia of the oral mucosa associated with Epstein-Barr virus (HERPESVIRUS 4, HUMAN) and found almost exclusively in persons with HIV infection. The lesion consists of a white patch that is often corrugated or hairy.","['C01.925.256.466.313.500', 'C04.588.443.591.545.500', 'C04.834.512.513.500', 'C07.465.530.545.500', 'C23.300.816.513.500']"
oral lichen planus,68017676.0,"Lichen Planus, Oral","Oral lesions accompanying cutaneous lichen planus or often occurring alone. The buccal mucosa, lips, gingivae, floor of the mouth, and palate are usually affected (in a descending order of frequency). Typically, oral lesions consist of radiating white or gray, velvety, threadlike lines, arranged in a reticular pattern, at the intersection of which there may be minute, white, elevated dots or streaks (Wickham's striae). (Jablonski, Illustrated Dictionary of Dentistry)","['C07.465.397', 'C17.800.859.475.560.397']"
oral potentially malignant disorder,,Oral potentially malignant disorder,Medical condition: Oral potentially malignant disorder,[]
osmotic diarrhea,67538139.0,"Sucrase-isomaltase deficiency, congenital [Supplementary Concept]","Autosomal recessive mutations in the SI gene that cause a deficiency of sucrase-isomaltase. This disrupts the HYDROLYSIS of dietary SUCROSE and some of the products of STARCH digestion, which causes osmotic DIARRHEA when the DISACCHARIDE is ingested, because absorption cannot occur until after hydrolysis produces the component MONOSACCHARIDES. OMIM: 222900 Heading Mapped to: Carbohydrate Metabolism, Inborn Errors Sucrase-Isomaltase Complex / deficiency Entry Terms: Congenital sucrose-isomaltase malabsorption Sucrose-isomaltase malabsorption, congenital Disaccharide intolerance, 1 Sucrose intolerance congenital Sucrose-Isomaltose Malabsorption, Congenital Disaccharide Intolerance I Sucrose Intolerance, Congenital Sucrase-Isomaltase Deficiency Congenital Sucrase-Isomaltase Deficiency Congenital Sucrose Intolerance Congenital Sucrose-Isomaltose Malabsorption Si Deficiency",[]
osteoarthritis,68060048.0,Slipped Capital Femoral Epiphyses,A developmental deformity in which the metaphysis of the FEMUR moves proximally and anteriorly away from FEMUR HEAD (epiphysis) at the upper GROWTH PLATE. It is most common in male adolescents and is associated with a greater risk of early OSTEOARTHRITIS of the hip.,"['C05.116.099.708.928', 'C05.116.425.500']"
otitis media,68020802.0,Epidural Abscess,"Circumscribed collections of suppurative material occurring in the spinal or intracranial EPIDURAL SPACE. The majority of epidural abscesses occur in the spinal canal and are associated with OSTEOMYELITIS of a vertebral body; ANALGESIA, EPIDURAL; and other conditions. Clinical manifestations include local and radicular pain, weakness, sensory loss, URINARY INCONTINENCE, and FECAL INCONTINENCE. Cranial epidural abscesses are usually associated with OSTEOMYELITIS of a cranial bone, SINUSITIS, or OTITIS MEDIA. (From Adams et al., Principles of Neurology, 6th ed, p710 and pp1240-1; J Neurol Neurosurg Psychiatry 1998 Aug;65(2):209-12)","['C01.207.709.350', 'C01.830.025.325', 'C10.228.228.300', 'C10.228.228.709.350']"
overactive bladder,68059411.0,Lower Urinary Tract Symptoms,"Symptoms of disorders of the lower urinary tract including frequency, NOCTURIA; urgency, incomplete voiding, and URINARY INCONTINENCE. They are often associated with OVERACTIVE BLADDER; URINARY INCOMPETENCE; and INTERSTITIAL CYSTITIS. Lower urinary tract symptoms in males were traditionally called PROSTATISM.",['C23.888.942.343']
pancreatic cancer,68058954.0,Pancreatic Stellate Cells,"Star-shaped, myofibroblast-like cells located in the periacinar, perivascular, and periductal regions of the EXOCRINE PANCREAS. They play a key role in the pathobiology of FIBROSIS; PANCREATITIS; and PANCREATIC CANCER.",['A11.700']
pancreatitis,68059325.0,Intra-Abdominal Hypertension,"Pathological elevation of intra-abdominal pressure (>12 mm Hg). It may develop as a result of SEPSIS; PANCREATITIS; capillary leaks, burns, or surgery. When the pressure is higher than 20 mm Hg, often with end-organ dysfunction, it is referred to as abdominal compartment syndrome.","['C05.651.180.297', 'C14.907.303.297']"
parkinson's disease,68010300.0,Parkinson Disease,"A progressive, degenerative neurologic disease characterized by a TREMOR that is maximal at rest, retropulsion (i.e. a tendency to fall backwards), rigidity, stooped posture, slowness of voluntary movements, and a masklike facial expression. Pathologic features include loss of melanin containing neurons in the substantia nigra and other pigmented nuclei of the brainstem. LEWY BODIES are present in the substantia nigra and locus coeruleus but may also be found in a related condition (LEWY BODY DISEASE, DIFFUSE) characterized by dementia in combination with varying degrees of parkinsonism. (Adams et al., Principles of Neurology, 6th ed, p1059, pp1067-75)","['C10.228.140.079.862.500', 'C10.228.662.600.400', 'C10.574.928.750']"
pelvic inflammatory disease,68010388.0,Pelvis,The space or compartment surrounded by the pelvic girdle (bony pelvis). It is subdivided into the greater pelvis and LESSER PELVIS. The pelvic girdle is formed by the PELVIC BONES and SACRUM.,['A01.923.600']
periodontal disease,68017823.0,Furcation Defects,"Conditions in which a bifurcation or trifurcation of the molar tooth root becomes denuded as a result of periodontal disease. It may be followed by tooth mobility, temperature sensitivity, pain, and alveolar bone resorption.",['C07.465.714.204']
pervasive developmental disorder nos,68002659.0,"Child Development Disorders, Pervasive","Severe distortions in the development of many basic psychological functions that are not normal for any stage in development. These distortions are manifested in sustained social impairment, speech abnormalities, and peculiar motor movements.",['F03.625.164']
pneumonia,68065207.0,Middle East Respiratory Syndrome Coronavirus,A coronavirus first reported in the summer of 2012 in a pneumonia patient in SAUDI ARABIA. It is related to SEVERE ACUTE RESPIRATORY SYNDROME-RELATED CORONAVIRUS. MERS-CoV has an estimated incubation period of 12 days and symptoms include renal failure and severe acute pneumonia with often fatal outcome.,['B04.820.578.500.540.150.113.750']
polycystic ovary syndrome,68017588.0,Hyperandrogenism,"A condition caused by the excessive secretion of ANDROGENS from the ADRENAL CORTEX; the OVARIES; or the TESTES. The clinical significance in males is negligible. In women, the common manifestations are HIRSUTISM and VIRILISM as seen in patients with POLYCYSTIC OVARY SYNDROME and ADRENOCORTICAL HYPERFUNCTION.","['C12.050.351.875.253.064.500', 'C12.050.351.875.253.090.750', 'C12.200.706.316.064.500', 'C12.200.706.316.090.750', 'C12.800.316.064.500', 'C12.800.316.090.750', 'C16.131.939.316.064.500', 'C16.131.939.316.129.750', 'C19.391.119.064.500', 'C19.391.119.090.750']"
postmenopausal,68020849.0,Raloxifene Hydrochloride,A second generation selective estrogen receptor modulator (SERM) used to prevent osteoporosis in postmenopausal women. It has estrogen agonist effects on bone and cholesterol metabolism but behaves as a complete estrogen antagonist on mammary gland and uterine tissue.,['D02.455.426.559.389.150.700.900.775']
pouchitis,68019449.0,Pouchitis,"Acute INFLAMMATION in the INTESTINAL MUCOSA of the continent ileal reservoir (or pouch) in patients who have undergone ILEOSTOMY and restorative proctocolectomy (PROCTOCOLECTOMY, RESTORATIVE).","['C06.405.205.462.624.500', 'C06.405.469.326.875.500', 'C06.405.469.420.520.500']"
prediabetes,68011236.0,Prediabetic State,"The time period before the development of symptomatic diabetes. For example, certain risk factors can be observed in subjects who subsequently develop INSULIN RESISTANCE as in type 2 diabetes (DIABETES MELLITUS, TYPE 2).","['C18.452.394.750.774', 'C19.246.774']"
preeclamsia,,Preeclamsia,Medical condition: Preeclamsia,[]
pregnancy,68066253.0,Vascular Remodeling,"The active alterations of vascular wall structures, often leading to elevated VASCULAR RESISTANCE. It is associated with AGING; ATHEROSCLEROSIS; DIABETES MELLITUS; HYPERTENSION; PREGNANCY; PULMONARY HYPERTENSION; and STROKE, but is also a normal part of EMBRYOGENESIS.","['C23.300.977', 'C23.550.918', 'G09.330.020.875', 'G09.330.930']"
preterm birth,68054791.0,Cervical Length Measurement,A parameter usually used in PRENATAL ULTRASONOGRAPHY to measure the length of the uterine neck (CERVIX UTERI). Cervical length or its shortening is used to identify and prevent early cervical opening and PRETERM BIRTH.,"['E01.370.350.850.865.249', 'E01.370.378.630.865.249']"
primary open-angle glaucoma,68005902.0,"Glaucoma, Open-Angle",Glaucoma in which the angle of the anterior chamber is open and the trabecular meshwork does not encroach on the base of the iris.,['C11.525.381.407']
primary biliary cholangitis,68008105.0,"Liver Cirrhosis, Biliary","FIBROSIS of the hepatic parenchyma due to obstruction of BILE flow (CHOLESTASIS) in the intrahepatic or extrahepatic bile ducts (BILE DUCTS, INTRAHEPATIC; BILE DUCTS, EXTRAHEPATIC). Primary biliary cholangitis involves the destruction of small intra-hepatic bile ducts and decreased bile secretion. Secondary biliary cholangitis is produced by prolonged obstruction of large intrahepatic or extrahepatic bile ducts from a variety of causes.","['C06.130.120.135.250.250', 'C06.552.150.250', 'C06.552.630.400', 'C23.550.355.412.400']"
primary biliary cirrhosis,68008105.0,"Liver Cirrhosis, Biliary","FIBROSIS of the hepatic parenchyma due to obstruction of BILE flow (CHOLESTASIS) in the intrahepatic or extrahepatic bile ducts (BILE DUCTS, INTRAHEPATIC; BILE DUCTS, EXTRAHEPATIC). Primary biliary cholangitis involves the destruction of small intra-hepatic bile ducts and decreased bile secretion. Secondary biliary cholangitis is produced by prolonged obstruction of large intrahepatic or extrahepatic bile ducts from a variety of causes.","['C06.130.120.135.250.250', 'C06.552.150.250', 'C06.552.630.400', 'C23.550.355.412.400']"
primary sclerosing cholangitis,68015209.0,"Cholangitis, Sclerosing","Chronic inflammatory disease of the BILIARY TRACT. It is characterized by fibrosis and hardening of the intrahepatic and extrahepatic biliary ductal systems leading to bile duct strictures, CHOLESTASIS, and eventual BILIARY CIRRHOSIS.",['C06.130.120.200.110']
primary sclerosing cholangitis-ibd,,Primary sclerosing cholangitis-IBD,Medical condition: Primary sclerosing cholangitis-IBD,[]
prostate cancer,68036761.0,"Ultrasound, High-Intensity Focused, Transrectal",Tissue ablation of the PROSTATE performed by ultrasound from a transducer placed in the RECTUM. The procedure is used to treat prostate cancer (PROSTATIC NEOPLASMS) and benign prostatic hypertrophy (PROSTATIC HYPERPLASIA).,"['E02.565.280.945.399.500', 'E04.014.380.500', 'E04.950.774.860.625.875']"
protracted bacterial bronchitis,,Protracted bacterial bronchitis,Medical condition: Protracted bacterial bronchitis,[]
psoriasis,68058566.0,Sacroiliitis,"Inflammation of the SACROILIAC JOINT. It is characterized by lower back pain, especially upon walking, fever, UVEITIS; PSORIASIS; and decreased range of motion. Many factors are associated with and cause sacroiliitis including infection; injury to spine, lower back, and pelvis; DEGENERATIVE ARTHRITIS; and pregnancy.",['C05.550.114.854']
psoriatic arthritis,68025242.0,Spondylarthropathies,"Heterogeneous group of arthritic diseases sharing clinical and radiologic features. They are associated with the HLA-B27 ANTIGEN and some with a triggering infection. Most involve the axial joints in the SPINE, particularly the SACROILIAC JOINT, but can also involve asymmetric peripheral joints. Subsets include ANKYLOSING SPONDYLITIS; REACTIVE ARTHRITIS; PSORIATIC ARTHRITIS; and others.","['C05.116.900.853.625.800', 'C05.550.114.865.800']"
pulmonary tubercolosis,82011663.0,Pulmonary Surfactants [Pharmacological Action],No description available.,['D011663']
reactive arthritis,68025242.0,Spondylarthropathies,"Heterogeneous group of arthritic diseases sharing clinical and radiologic features. They are associated with the HLA-B27 ANTIGEN and some with a triggering infection. Most involve the axial joints in the SPINE, particularly the SACROILIAC JOINT, but can also involve asymmetric peripheral joints. Subsets include ANKYLOSING SPONDYLITIS; REACTIVE ARTHRITIS; PSORIATIC ARTHRITIS; and others.","['C05.116.900.853.625.800', 'C05.550.114.865.800']"
rectal carcinoma,68012004.0,Rectal Neoplasms,Tumors or cancer of the RECTUM.,"['C04.588.274.476.411.307.790', 'C06.301.371.411.307.790', 'C06.405.249.411.307.790', 'C06.405.469.491.307.790', 'C06.405.469.860.180.500']"
recurrent tonsillitis,68014069.0,Tonsillitis,"Inflammation of the tonsils, especially the PALATINE TONSILS but the ADENOIDS (pharyngeal tonsils) and lingual tonsils may also be involved. Tonsillitis usually is caused by bacterial infection. Tonsillitis may be acute, chronic, or recurrent.","['C01.748.561.750', 'C07.550.781.750', 'C08.730.561.750', 'C09.775.649.750']"
reflux esophagitis,68004942.0,"Esophagitis, Peptic",INFLAMMATION of the ESOPHAGUS that is caused by the reflux of GASTRIC JUICE with contents of the STOMACH and DUODENUM.,"['C06.405.117.620.420', 'C06.405.205.663.420', 'C06.405.469.275.800.523', 'C06.405.748.586.524']"
refractory celiac disease,,Refractory celiac disease,Medical condition: Refractory celiac disease,[]
rett syndrome,68051783.0,Methyl-CpG-Binding Protein 2,A DNA-binding protein that interacts with methylated CPG ISLANDS. It plays a role in repressing GENETIC TRANSCRIPTION and is frequently mutated in RETT SYNDROME.,"['D12.776.260.536', 'D12.776.660.235.550', 'D12.776.664.235.700']"
rheumatoid arthritis,68056653.0,Rheumatoid Vasculitis,"Necrotizing VASCULITIS of small and medium size vessels, developing as a complication in RHEUMATOID ARTHRITIS patients. It is characterized by peripheral vascular lesions, cutaneous ULCERS, peripheral GANGRENE, and MONONEURITIS MULTIPLEX.","['C05.550.114.154.728', 'C05.799.114.728', 'C14.907.940.897.750', 'C17.300.775.099.728', 'C20.111.199.581']"
rhinovirus infection,67483969.0,CFY196 [Supplementary Concept],composed of an Fab fragment of a humanized version of mA6 fused with a linker derived from a human immunoglobulin D hinge and a tetramerization domain derived from coiled-coil sequence of human transcription factor ATFalpha; inhibits human rhinovirus infection Heading Mapped to: Recombinant Fusion Proteins,[]
schizophrenia,68059607.0,"Polydipsia, Psychogenic",A clinical disorder characterized by excessive fluid intake (polydipsia); HYPONATREMIA; and POLYURIA in SCHIZOPHRENIA and other psychiatric disorders. Impaired water metabolism in psychogenic polydipsia can result in WATER INTOXICATION.,"['C23.550.759.500', 'C23.888.663.500', 'F01.145.126.968', 'F01.700.812']"
seminal hyperviscosity,,Seminal hyperviscosity,Medical condition: Seminal hyperviscosity,[]
sensitive scalp,,Sensitive scalp,Medical condition: Sensitive scalp,[]
severe fever with thrombocytopenia syndrome,68016856.0,Phlebovirus,"A genus of the family BUNYAVIRIDAE comprising many viruses, most of which are transmitted by Phlebotomus flies and cause PHLEBOTOMUS FEVER. The type species is RIFT VALLEY FEVER VIRUS.",['B04.820.480.750.710']
shiga toxin-producing e. coli infection,,Shiga Toxin-producing E. coli infection,Medical condition: Shiga Toxin-producing E. coli infection,[]
short bowel syndrome,68012778.0,Short Bowel Syndrome,"A malabsorption syndrome resulting from extensive operative resection of the SMALL INTESTINE, the absorptive region of the GASTROINTESTINAL TRACT.","['C06.405.469.637.832', 'C23.550.767.882']"
sickle cell disease,68008586.0,"Meningitis, Pneumococcal","An acute purulent infection of the meninges and subarachnoid space caused by Streptococcus pneumoniae, most prevalent in children and adults over the age of 60. This illness may be associated with OTITIS MEDIA; MASTOIDITIS; SINUSITIS; RESPIRATORY TRACT INFECTIONS; sickle cell disease (ANEMIA, SICKLE CELL); skull fractures; and other disorders. Clinical manifestations include FEVER; HEADACHE; neck stiffness; and somnolence followed by SEIZURES; focal neurologic deficits (notably DEAFNESS); and COMA. (From Miller et al., Merritt's Textbook of Neurology, 9th ed, p111)","['C01.150.252.223.500.875', 'C01.150.252.410.890.670.595', 'C01.207.180.500.875', 'C10.228.228.180.500.875', 'C10.586.625.280.560']"
sj?gren syndrome,68066166.0,Pectus Carinatum,A developmental anomaly characterized by abnormal anterior protrusion of the STERNUM and adjacent COSTAL CARTILAGE.,"['C05.116.099.739', 'C05.182.525', 'C05.660.745', 'C16.131.621.745', 'C17.300.182.525']"
small intestine neoplasm,,Small intestine neoplasm,Medical condition: Small intestine neoplasm,[]
smoking,68066300.0,Electronic Nicotine Delivery Systems,Devices or objects designed to provide NICOTINE in the form of an inhaled aerosol.,['J01.637.767.500']
spinal cord injury,68058630.0,Spinal Cord Regeneration,Repair of the damaged neuron function after SPINAL CORD INJURY or SPINAL CORD DISEASES.,"['G11.561.585.500', 'G16.762.611.500']"
spondyloarthritis,68013167.0,"Spondylitis, Ankylosing","A chronic inflammatory condition affecting the axial joints, such as the SACROILIAC JOINT and other intervertebral or costovertebral joints. It occurs predominantly in young males and is characterized by pain and stiffness of joints (ANKYLOSIS) with inflammation at tendon insertions.","['C05.116.900.853.625.800.744.500', 'C05.550.069.340.500', 'C05.550.114.865.800.744.500']"
stomach cancer,68054631.0,"Receptor-Like Protein Tyrosine Phosphatases, Class 3",A subclass of receptor-like protein tryosine phosphatases that contain a single cytosolic protein tyrosine phosphate domain and multiple extracellular fibronectin III-like domains.,"['D08.811.277.352.650.775.400.300', 'D12.776.476.564.400.300']"
systemic lupus erythematosus,68020945.0,"Lupus Vasculitis, Central Nervous System",Central nervous system vasculitis that is associated with SYSTEMIC LUPUS ERYTHEMATOSUS. Clinical manifestations may include DEMENTIA; SEIZURES; CRANIAL NERVE DISEASES; HEMIPARESIS; BLINDNESS; DYSPHASIA; and other neurological disorders.,"['C01.207.245.550.500', 'C01.207.570.450', 'C10.114.875.850', 'C10.228.140.300.850.750', 'C10.228.140.430.550.500', 'C10.228.228.245.550.500', 'C10.228.228.570.450', 'C10.586.250.550.500', 'C10.586.625.500.500', 'C14.907.253.946.850', 'C14.907.940.907.850', 'C17.300.480.750', 'C20.111.258.962.900', 'C20.111.590.750']"
systemic sclerosis,68045743.0,"Scleroderma, Diffuse","A rapid onset form of SYSTEMIC SCLERODERMA with progressive widespread SKIN thickening over the arms, the legs and the trunk, resulting in stiffness and disability.","['C17.300.799.602', 'C17.800.784.602']"
t2d with hyperlipidemia,,T2D with hyperlipidemia,Medical condition: T2D with hyperlipidemia,[]
t2d with hypertension,,T2D with hypertension,Medical condition: T2D with hypertension,[]
t2d with hypertension and hyperlipidemia,,T2D with hypertension and hyperlipidemia,Medical condition: T2D with hypertension and hyperlipidemia,[]
trachoma,68058069.0,Neglected Diseases,"Diseases that are underfunded and have low name recognition but are major burdens in less developed countries. Neglected diseases include many tropical infectious diseases, e.g., HELMINTHIASIS; LEPROSY; LYMPHATIC FILARIASIS; ONCHOCERCIASIS; SCHISTOSOMIASIS; and TRACHOMA.",['C23.550.291.890']
transient ischemic attack,68020293.0,"Vasculitis, Central Nervous System","Inflammation of blood vessels within the central nervous system. Primary vasculitis is usually caused by autoimmune or idiopathic factors, while secondary vasculitis is caused by existing disease process. Clinical manifestations are highly variable but include HEADACHE; SEIZURES; behavioral alterations; INTRACRANIAL HEMORRHAGES; TRANSIENT ISCHEMIC ATTACK; and BRAIN INFARCTION. (From Adams et al., Principles of Neurology, 6th ed, pp856-61)","['C10.114.875', 'C10.228.140.300.850', 'C14.907.253.946', 'C14.907.940.907', 'C20.111.258.962']"
trichomonas vaginalis infection,,Trichomonas vaginalis infection,Medical condition: Trichomonas vaginalis infection,[]
tuberculosis,68059425.0,Interferon-gamma Release Tests,"The assay of INTERFERON-GAMMA released from lymphocytes after their exposure to a specific test antigen, to check for IMMUNOLOGIC MEMORY resulting from a previous exposure to the antigen. The amount of interferon-gamma released is usually assayed by an ENZYME-LINKED IMMUNOSORBENT ASSAY.","['E01.370.225.812.453', 'E05.200.812.453', 'E05.478.594.475']"
type 1 diabetes,68016883.0,Diabetic Ketoacidosis,"A life-threatening complication of diabetes mellitus, primarily of TYPE 1 DIABETES MELLITUS with severe INSULIN deficiency and extreme HYPERGLYCEMIA. It is characterized by KETOSIS; DEHYDRATION; and depressed consciousness leading to COMA.","['C18.452.076.176.652.500', 'C19.246.099.812']"
type 2 diabetes,68066263.0,"Protein Aggregation, Pathological","A biochemical phenomenon in which misfolded proteins aggregate either intra- or extracellularly. Triggered by factors such as MUTATION; POST-TRANSLATIONAL MODIFICATIONS, and environmental stress, it is generally associated with ALZHEIMER DISEASE; PARKINSON DISEASE; HUNTINGTON DISEASE; and TYPE 2 DIABETES MELLITUS.","['C23.550.770', 'G02.111.675']"
ulcerative colitis,68017511.0,Pyoderma Gangrenosum,"An idiopathic, rapidly evolving, and severely debilitating disease occurring most commonly in association with chronic ulcerative colitis. It is characterized by the presence of boggy, purplish ulcers with undermined borders, appearing mostly on the legs. The majority of cases are in people between 40 and 60 years old. Its etiology is unknown.","['C17.800.695.675', 'C17.800.862.675', 'C17.800.893.675']"
urgency urinary incontinence,,Urgency urinary incontinence,Medical condition: Urgency urinary incontinence,[]
uveitits,,Uveitits,Medical condition: Uveitits,[]
viral diarrhea,68030243.0,"Hemorrhagic Syndrome, Bovine","Clinically severe acute disease of cattle caused by noncytopathic forms of Bovine viral diarrhea virus 2 (DIARRHEA VIRUS 2, BOVINE VIRAL). Outbreaks are characterized by high morbidity and high mortality.","['C01.925.782.350.675.400', 'C22.196.400']"
viral respiratory tract infection,,Viral respiratory tract infection,Medical condition: Viral respiratory tract infection,[]
vitiligo,68014820.0,Vitiligo,"A disorder consisting of areas of macular depigmentation, commonly on extensor aspects of extremities, on the face or neck, and in skin folds. Age of onset is often in young adulthood and the condition tends to progress gradually with lesions enlarging and extending until a quiescent state is reached.",['C17.800.621.440.895']
vulvar vestibulitis syndrome,68056650.0,Vulvodynia,"Complex pain syndrome with unknown etiology, characterized by constant or intermittent generalized vulva pain (Generalized vulvodynia) or localized burning sensations in the VESTIBULE area when pressure is applied (Vestibulodynia, or Vulvar Vestibulitis Syndrome). Typically, vulvar tissue with vulvodynia appears normal without infection or skin disease. Vulvodynia impacts negatively on a woman's quality of life as it interferes with sexual and daily activities.","['C12.050.351.500.944.951', 'C12.100.250.944.951']"
wilson's disease,68020332.0,"Rats, Inbred LEC","A cinnamon-colored strain of Long-Evans rats which carries a mutation causing fulminant hepatitis and jaundice, with an associated gross accumulation of copper in the liver. This strain is a model for Wilson's Disease (see HEPATOLENTICULAR DEGENERATION).","['B01.050.050.199.520.760.275', 'B01.050.150.900.649.313.992.635.505.700.400.275']"
periodontitis,68057873.0,Peri-Implantitis,An inflammatory process with loss of supporting bone in the tissues surrounding functioning DENTAL IMPLANTS.,['C07.465.714.282']
severe skin and soft tissue infection,,severe skin and soft tissue infection,Medical condition: severe skin and soft tissue infection,[]
